Location,year,counts,offset,x1
52fd31d7,4,1,0.30716,0
3421b03c,4,0,0.07229,0
ff529e8f,4,0,0.00769,0
c304b52e,4,0,0.00551,0
ca72fd20,4,2,0.06053,0
6028e7b7,4,0,0.11951,0
fdb23048,4,0,0.02352,0
0f7c71d8,4,0,0.03497,0
34fe95a5,4,7,0.42949,0
11184bca,4,1,0.07486,0
aadc708f,4,0,0.08817,0
45e05b54,4,1,0.24602,0
056f421c,4,1,0.09391,0
525214eb,4,1,0.04045,0
a33682bf,4,1,0.06054,0
be428bac,4,0,0.09973,0
8f3fe004,4,0,0.06899,0
88d245ba,4,1,0.10478,0
72cd92d3,4,1,0.09962,0
a06de818,4,6,0.11508,0
d531f652,4,0,0.20374,0
7778c917,4,0,0.09227,0
205e19b2,4,7,0.24149,0
9a312f28,4,0,0.02029,0
0eb837a8,4,0,0.06064,0
0f9ed4e2,4,1,0.3606,0
c2be3453,4,8,4.71866,0
e24cd8b8,4,0,0.02159,0
550e54c5,4,0,0.06376,0
156ec693,4,2,0.03484,0
cf35c6c5,4,0,0.03037,0
14298a4c,4,1,0.05261,0
5e125303,4,4,0.23031,0
21255d80,4,0,0.02284,0
55a7fd48,4,0,0.01945,0
a4728441,4,2,0.021,0
acd4504e,4,0,0.00726,0
8ccec174,4,0,0.02696,0
a4a399e0,4,21,0.53722,0
d4270efc,4,3,0.09323,0
957796e0,4,2,0.03677,0
78ce3bab,4,0,0.01098,0
60760148,4,1,0.03056,0
5eac0b24,4,2,0.1121,0
5cafec9f,4,0,0.00731,0
ad8153f8,4,0,0.06427,0
78eaa11e,4,0,0.08253,0
1f9012d1,4,1,0.04927,0
8d66d502,4,4,0.06785,0
1a1685ad,4,0,0.08757,0
afbc2e22,4,0,0.00957,0
2e23216d,4,0,0.04046,0
eda1ed99,4,2,0.09108,0
f3fb7a0c,4,16,2.58398,0
feb5d49b,4,4,0.34525,0
9bd1560c,4,0,0.00764,0
6a97c123,4,0,0.00736,0
47235d1f,4,2,0.35862,0
14a06ce1,4,0,0.00549,0
89c9d5ba,4,5,0.08054,0
802bcd6f,4,0,0.05225,0
b5f1a762,4,0,0.03948,0
f89b93ae,4,0,0.0733,0
352ce11a,4,0,0.04844,0
e27e8033,4,1,0.15524,0
1778258c,4,1,0.0302,0
954f2cb4,4,0,0.03119,0
cb173123,4,3,0.09684,0
ce5d1ed1,4,0,0.07627,0
118e2f5e,4,7,0.30939,0
bb345b03,4,1,0.05556,0
d7a280be,4,0,0.11436,0
5b08009a,4,0,0.09125,0
638a036c,4,0,0.01674,0
a8cdc2c2,4,5,0.1411,0
6e97cded,4,3,1.2949600000000001,0
c3885694,4,2,0.19925,0
f4cdaee1,4,5,0.36572,0
377480be,4,1,0.16574,0
19deb977,4,0,0.05995,0
211eb2ae,4,0,0.03228,0
ab95b70d,4,0,0.01443,0
f526a4e0,4,0,0.06453,0
ecc34c2e,4,5,0.05723,0
e3e35fdb,4,0,0.00691,0
df31f97d,4,0,0.06989,0
e769f6fe,4,2,0.04541,0
5bc8b302,4,1,0.19264,0
79e354b2,4,1,0.09664,0
ff84071f,4,0,0.0397,0
a6484004,4,0,0.00837,0
20760acb,4,3,0.1423,0
52fd31d7,5,123,0.30693,3.2556322437817427
3421b03c,5,3,0.07172,0
ff529e8f,5,0,0.00763,0
c304b52e,5,2,0.00545,0
ca72fd20,5,24,0.05888,33.04146704113663
6028e7b7,5,13,0.11719,0
fdb23048,5,5,0.02304,0
0f7c71d8,5,15,0.03478,0
34fe95a5,5,167,0.43251,16.298400428415096
11184bca,5,4,0.07366,13.358268768367621
aadc708f,5,11,0.08716,0
45e05b54,5,2,0.24868,4.064710186163727
056f421c,5,2,0.09291,10.648493238206795
525214eb,5,30,0.0409,24.721878862793574
a33682bf,5,15,0.06031,16.518004625041296
be428bac,5,5,0.09935,0
8f3fe004,5,38,0.06859,0
88d245ba,5,11,0.10433,9.543806069860661
72cd92d3,5,7,0.09832,10.03814495081309
a06de818,5,63,0.11388,52.13764337851929
d531f652,5,1,0.20488,0
7778c917,5,2,0.09306,0
205e19b2,5,80,0.24175,28.98670752412108
9a312f28,5,7,0.02027,0
0eb837a8,5,1,0.05984,0
0f9ed4e2,5,36,0.36184,2.7731558513588466
c2be3453,5,59,4.76701,1.6953965744512214
e24cd8b8,5,7,0.0217,0
550e54c5,5,23,0.06371,0
156ec693,5,10,0.0344,57.405281285878296
cf35c6c5,5,7,0.02981,0
14298a4c,5,25,0.05207,19.007793195210038
5e125303,5,30,0.23056,17.367895445269422
21255d80,5,18,0.02304,0
55a7fd48,5,16,0.01936,0
a4728441,5,3,0.02136,95.23809523809523
acd4504e,5,1,0.00697,0
8ccec174,5,8,0.02662,0
a4a399e0,5,123,0.5405,39.09013067272253
d4270efc,5,51,0.09349,32.17848332081948
957796e0,5,17,0.03717,54.39216752787599
78ce3bab,5,3,0.01092,0
60760148,5,9,0.03047,32.72251308900523
5eac0b24,5,32,0.11042,17.84121320249777
5cafec9f,5,2,0.00737,0
ad8153f8,5,10,0.06509,0
78eaa11e,5,10,0.08157,0
1f9012d1,5,4,0.05102,20.296326364927946
8d66d502,5,30,0.068,58.95357406042742
1a1685ad,5,34,0.08514,0
afbc2e22,5,4,0.00964,0
2e23216d,5,14,0.0396,0
eda1ed99,5,12,0.09065,21.958717610891526
f3fb7a0c,5,114,2.62667,6.1919983900804185
feb5d49b,5,126,0.34776,11.585807385952208
9bd1560c,5,5,0.00737,0
6a97c123,5,0,0.00722,0
47235d1f,5,10,0.35858,5.576933801795772
14a06ce1,5,1,0.00538,0
89c9d5ba,5,24,0.08033,62.080953563446734
802bcd6f,5,7,0.05202,0
b5f1a762,5,7,0.03842,0
f89b93ae,5,3,0.07215,0
352ce11a,5,4,0.04873,0
e27e8033,5,11,0.15478,6.441638752898738
1778258c,5,2,0.02907,33.11258278145695
954f2cb4,5,14,0.03082,0
cb173123,5,42,0.09576,30.97893432465923
ce5d1ed1,5,7,0.07615,0
118e2f5e,5,38,0.30756,22.625165648534214
bb345b03,5,21,0.05529,17.998560115190784
d7a280be,5,37,0.11336,0
5b08009a,5,2,0.08949,0
638a036c,5,4,0.016,0
a8cdc2c2,5,19,0.14232,35.43586109142452
6e97cded,5,9,1.32017,2.316673874096497
c3885694,5,19,0.20104,10.037641154328732
f4cdaee1,5,45,0.36468,13.671661380290933
377480be,5,24,0.16527,6.033546518643659
19deb977,5,9,0.05842,0
211eb2ae,5,14,0.03222,0
ab95b70d,5,0,0.01489,0
f526a4e0,5,0,0.06437,0
ecc34c2e,5,18,0.05625,87.36676568233443
e3e35fdb,5,2,0.00689,0
df31f97d,5,1,0.06987,0
e769f6fe,5,20,0.04581,44.04316229905307
5bc8b302,5,12,0.1951,5.191029900332226
79e354b2,5,2,0.09689,10.347682119205297
ff84071f,5,8,0.03952,0
a6484004,5,1,0.00815,0
20760acb,5,31,0.14175,21.082220660576247
52fd31d7,6,6,0.3074,403.9984726308407
3421b03c,6,0,0.07063,41.82933630786391
ff529e8f,6,0,0.00749,0
c304b52e,6,0,0.00515,366.9724770642202
ca72fd20,6,1,0.05813,440.6501626933105
6028e7b7,6,0,0.11528,110.93096680604147
fdb23048,6,0,0.02246,217.01388888888889
0f7c71d8,6,0,0.03441,431.2823461759632
34fe95a5,6,4,0.43753,402.4166404691078
11184bca,6,1,0.07399,67.66182565134345
aadc708f,6,0,0.08631,126.20468104635154
45e05b54,6,1,0.25074,12.107174397197987
056f421c,6,0,0.09246,32.174701396639684
525214eb,6,2,0.04018,758.218211381131
a33682bf,6,0,0.06064,265.2329772663943
be428bac,6,0,0.0997,50.32712632108707
8f3fe004,6,0,0.06795,554.016620498615
88d245ba,6,1,0.10457,114.97848449409146
72cd92d3,6,0,0.09709,81.23423933649251
a06de818,6,1,0.11328,605.3515527568123
d531f652,6,0,0.2041,4.880905896134323
7778c917,6,0,0.09127,21.49151085321298
205e19b2,6,5,0.24112,359.9070798095399
9a312f28,6,1,0.02025,345.3379378391712
0eb837a8,6,0,0.05908,16.711229946524064
0f9ed4e2,6,0,0.36267,102.2646438018342
c2be3453,6,2,4.82075,14.072127481246048
e24cd8b8,6,0,0.02154,322.5806451612903
550e54c5,6,0,0.06281,361.0108303249097
156ec693,6,0,0.03411,348.10295570448295
cf35c6c5,6,1,0.0299,234.82053002348206
14298a4c,6,1,0.05112,499.1307046605452
5e125303,6,0,0.23052,147.48586907469345
21255d80,6,0,0.02245,781.25
55a7fd48,6,0,0.01955,826.4462809917355
a4728441,6,0,0.02112,235.6875334403424
acd4504e,6,0,0.0068,143.47202295552367
8ccec174,6,0,0.02643,300.52592036063106
a4a399e0,6,0,0.54413,266.6571982027873
d4270efc,6,1,0.09319,577.6913723998654
957796e0,6,0,0.03633,511.75025200460453
78ce3bab,6,0,0.01063,274.72527472527474
60760148,6,0,0.03055,328.0950106275678
5eac0b24,6,1,0.10868,307.64378520032426
5cafec9f,6,0,0.00748,271.37042062415196
ad8153f8,6,1,0.06465,153.63343063450608
78eaa11e,6,0,0.08117,122.59409096481549
1f9012d1,6,0,0.05372,98.69695356994559
8d66d502,6,0,0.06776,500.13004464866265
1a1685ad,6,2,0.08444,399.34225980737614
afbc2e22,6,1,0.00942,414.9377593360996
2e23216d,6,0,0.03921,353.5353535353535
eda1ed99,6,0,0.09025,154.33599284530965
f3fb7a0c,6,3,2.65087,49.592958541146224
feb5d49b,6,3,0.35177,373.9046479656623
9bd1560c,6,0,0.00738,678.42605156038
6a97c123,6,0,0.00669,0
47235d1f,6,0,0.35722,33.46471337678601
14a06ce1,6,0,0.00531,185.87360594795538
89c9d5ba,6,0,0.08018,360.8485372806134
802bcd6f,6,1,0.05147,134.56362937331795
b5f1a762,6,0,0.03787,182.19677251431546
f89b93ae,6,0,0.07182,41.58004158004157
352ce11a,6,0,0.04872,82.08495793145906
e27e8033,6,0,0.15525,77.51025226885687
1778258c,6,0,0.02907,101.91203238586012
954f2cb4,6,1,0.03134,454.25048669695
cb173123,6,2,0.09535,469.5754255527294
ce5d1ed1,6,0,0.07477,91.92383453709783
118e2f5e,6,0,0.30658,146.17829349350754
bb345b03,6,0,0.05466,397.8140782920763
d7a280be,6,1,0.11351,326.393789696542
5b08009a,6,0,0.08879,22.3488657950609
638a036c,6,0,0.01597,250
a8cdc2c2,6,0,0.14206,168.9378284888388
6e97cded,6,2,1.36339,9.13397770617873
c3885694,6,2,0.20248,104.54619666566975
f4cdaee1,6,2,0.36278,137.06751527959992
377480be,6,1,0.16681000000000001,151.25046428956395
19deb977,6,0,0.05851,154.05682985279014
211eb2ae,6,0,0.03255,434.51272501551836
ab95b70d,6,0,0.01438,0
f526a4e0,6,0,0.06426,0
ecc34c2e,6,0,0.05495,407.3667656823344
e3e35fdb,6,0,0.00664,290.27576197387515
df31f97d,6,0,0.06943,14.31229426077
e769f6fe,6,1,0.04482,480.6290605745388
5bc8b302,6,0,0.19589,66.69794942877918
79e354b2,6,0,0.09612,30.98964723428425
ff84071f,6,1,0.03949,202.42914979757086
a6484004,6,0,0.00811,122.6993865030675
20760acb,6,0,0.13952,239.7771060221283
52fd31d7,7,18,0.30987,423.5170152463254
3421b03c,7,1,0.06994,41.82933630786391
ff529e8f,7,1,0.00731,0
c304b52e,7,0,0.00492,366.9724770642202
ca72fd20,7,2,0.05746,457.8529839559976
6028e7b7,7,3,0.11422,110.93096680604147
fdb23048,7,0,0.02219,217.01388888888889
0f7c71d8,7,4,0.03329,431.2823461759632
34fe95a5,7,13,0.44131,411.55887071617656
11184bca,7,1,0.07225,81.1771655621422
aadc708f,7,2,0.08479,126.20468104635154
45e05b54,7,0,0.2517,16.0953693401668
056f421c,7,0,0.0924,32.174701396639684
525214eb,7,0,0.03983,807.9942193452923
a33682bf,7,1,0.06039,265.2329772663943
be428bac,7,4,0.10125,50.32712632108707
8f3fe004,7,5,0.06669,554.016620498615
88d245ba,7,0,0.10238,124.54145666584243
72cd92d3,7,5,0.09642,81.23423933649251
a06de818,7,2,0.11248,614.1792363726315
d531f652,7,0,0.20191,4.880905896134323
7778c917,7,0,0.09087,21.49151085321298
205e19b2,7,5,0.24085,380.6436425169055
9a312f28,7,2,0.01999,394.72065388855395
0eb837a8,7,0,0.05961,16.711229946524064
0f9ed4e2,7,4,0.36442,102.2646438018342
c2be3453,7,13,4.88114,14.48700068562296
e24cd8b8,7,0,0.02091,322.5806451612903
550e54c5,7,3,0.06126,361.0108303249097
156ec693,7,1,0.03425,348.10295570448295
cf35c6c5,7,0,0.02944,268.26534607699375
14298a4c,7,3,0.05051,518.6925199970084
5e125303,7,2,0.22866,147.48586907469345
21255d80,7,0,0.02111,781.25
55a7fd48,7,0,0.01969,826.4462809917355
a4728441,7,0,0.0211,235.6875334403424
acd4504e,7,1,0.00676,143.47202295552367
8ccec174,7,0,0.02577,300.52592036063106
a4a399e0,7,6,0.54535,266.6571982027873
d4270efc,7,6,0.09269,588.4221375034173
957796e0,7,1,0.03558,511.75025200460453
78ce3bab,7,0,0.01051,274.72527472527474
60760148,7,0,0.02954,328.0950106275678
5eac0b24,7,1,0.10839,316.8451101911229
5cafec9f,7,0,0.0074400000000000004,271.37042062415196
ad8153f8,7,0,0.06432,169.10133473350066
78eaa11e,7,1,0.08025,122.59409096481549
1f9012d1,7,0,0.05257,98.69695356994559
8d66d502,7,2,0.06698,500.13004464866265
1a1685ad,7,5,0.08418,423.0277169366987
afbc2e22,7,0,0.00904,521.0948718626389
2e23216d,7,0,0.03925,353.5353535353535
eda1ed99,7,2,0.08897,154.33599284530965
f3fb7a0c,7,7,2.68868,50.724662472308445
feb5d49b,7,2,0.35577,382.4329477069706
9bd1560c,7,1,0.00747,678.42605156038
6a97c123,7,0,0.00652,0
47235d1f,7,3,0.35631,33.46471337678601
14a06ce1,7,0,0.00522,185.87360594795538
89c9d5ba,7,0,0.07904,360.8485372806134
802bcd6f,7,4,0.0511,153.99242284524334
b5f1a762,7,1,0.03831,182.19677251431546
f89b93ae,7,0,0.07252,41.58004158004157
352ce11a,7,2,0.04796,82.08495793145906
e27e8033,7,0,0.15607,77.51025226885687
1778258c,7,0,0.02884,101.91203238586012
954f2cb4,7,0,0.03145,486.1585913555333
cb173123,7,3,0.09402,490.5507795118275
ce5d1ed1,7,1,0.07508,91.92383453709783
118e2f5e,7,8,0.30865,146.17829349350754
bb345b03,7,2,0.05473,397.8140782920763
d7a280be,7,0,0.11219,335.203586190243
5b08009a,7,0,0.08799,22.3488657950609
638a036c,7,0,0.01557,250
a8cdc2c2,7,3,0.14136,168.9378284888388
6e97cded,7,3,1.40239,10.600909398504475
c3885694,7,1,0.2046,114.42371543295542
f4cdaee1,7,15,0.36277,142.58049835474188
377480be,7,0,0.16601,157.24530872335092
19deb977,7,5,0.05726,154.05682985279014
211eb2ae,7,0,0.03239,434.51272501551836
ab95b70d,7,0,0.01437,0
f526a4e0,7,0,0.06376,0
ecc34c2e,7,0,0.05454,407.3667656823344
e3e35fdb,7,0,0.00661,290.27576197387515
df31f97d,7,0,0.07009,14.31229426077
e769f6fe,7,0,0.04395,502.94052866913944
5bc8b302,7,1,0.19861,66.69794942877918
79e354b2,7,0,0.09654,30.98964723428425
ff84071f,7,1,0.03902,227.75201634606415
a6484004,7,0,0.00832,122.6993865030675
20760acb,7,5,0.14021,239.7771060221283
52fd31d7,8,9,0.3091,481.6058912265752
3421b03c,8,0,0.06836,56.127305996168175
ff529e8f,8,0,0.00733,136.79890560875515
c304b52e,8,0,0.00493,366.9724770642202
ca72fd20,8,2,0.05623,492.65980609313647
6028e7b7,8,0,0.11338,137.19606923994095
fdb23048,8,0,0.02143,217.01388888888889
0f7c71d8,8,5,0.03319,551.4385492399464
34fe95a5,8,28,0.44645,441.0166215036049
11184bca,8,0,0.07122,95.0179960119692
aadc708f,8,1,0.08396,149.7923682736189
45e05b54,8,0,0.2524,16.0953693401668
056f421c,8,0,0.0906,32.174701396639684
525214eb,8,3,0.03965,807.9942193452923
a33682bf,8,0,0.05927,281.79201021886985
be428bac,8,0,0.09943,89.83329916059324
8f3fe004,8,4,0.06609,628.9903796829005
88d245ba,8,2,0.09993,124.54145666584243
72cd92d3,8,4,0.0944,133.09070065157235
a06de818,8,2,0.1109,631.9601752062019
d531f652,8,0,0.20295,4.880905896134323
7778c917,8,0,0.0904,21.49151085321298
205e19b2,8,9,0.24291,401.40345152666265
9a312f28,8,0,0.01969,494.7706789010602
0eb837a8,8,1,0.05987,16.711229946524064
0f9ed4e2,8,7,0.36597,113.24098977625931
c2be3453,8,24,4.93757,17.15031294464442
e24cd8b8,8,0,0.02051,322.5806451612903
550e54c5,8,2,0.06053,409.98242679895475
156ec693,8,1,0.03352,377.30003599645374
cf35c6c5,8,1,0.02879,268.26534607699375
14298a4c,8,3,0.05016,578.0866993674301
5e125303,8,3,0.22875,156.2324797630517
21255d80,8,0,0.0212,781.25
55a7fd48,8,1,0.01984,826.4462809917355
a4728441,8,1,0.02075,235.6875334403424
acd4504e,8,0,0.00677,291.4010170383639
8ccec174,8,0,0.02578,300.52592036063106
a4a399e0,8,12,0.5519,277.6593069402953
d4270efc,8,8,0.09196,653.1540395424721
957796e0,8,2,0.03522,539.8559293514286
78ce3bab,8,0,0.00994,274.72527472527474
60760148,8,1,0.02956,328.0950106275678
5eac0b24,8,5,0.10613,326.0710535438307
5cafec9f,8,0,0.00751,271.37042062415196
ad8153f8,8,2,0.06357,169.10133473350066
78eaa11e,8,0,0.0797,135.05515015484664
1f9012d1,8,0,0.05257,98.69695356994559
8d66d502,8,7,0.06614,529.9897042485433
1a1685ad,8,5,0.08381,482.4242481792742
afbc2e22,8,0,0.00892,521.0948718626389
2e23216d,8,0,0.03879,353.5353535353535
eda1ed99,8,0,0.08846,176.81548031299536
f3fb7a0c,8,15,2.72286,53.328170513428994
feb5d49b,8,17,0.35973,388.05455717376094
9bd1560c,8,0,0.00756,812.2948601279837
6a97c123,8,0,0.00635,0
47235d1f,8,6,0.35415,41.884347964644896
14a06ce1,8,0,0.00518,185.87360594795538
89c9d5ba,8,2,0.07813,360.8485372806134
802bcd6f,8,4,0.0509,232.27030934230794
b5f1a762,8,1,0.03807,208.29961772444335
f89b93ae,8,0,0.07311,41.58004158004157
352ce11a,8,1,0.04709,123.78637577966589
e27e8033,8,0,0.15753,77.51025226885687
1778258c,8,0,0.02802,101.91203238586012
954f2cb4,8,2,0.03041,486.1585913555333
cb173123,8,8,0.09405,522.4588841704108
ce5d1ed1,8,0,0.07416,105.24296080241483
118e2f5e,8,9,0.311,172.097619591029
bb345b03,8,2,0.05409,434.357107709215
d7a280be,8,2,0.11194,335.203586190243
5b08009a,8,0,0.08642,22.3488657950609
638a036c,8,0,0.01552,250
a8cdc2c2,8,7,0.13987,190.16023935471316
6e97cded,8,2,1.4407,12.74011461246065
c3885694,8,3,0.20411,119.31130096570224
f4cdaee1,8,16,0.36223,183.92901118656368
377480be,8,2,0.16654,157.24530872335092
19deb977,8,1,0.05649,241.37782181925888
211eb2ae,8,1,0.03148,434.51272501551836
ab95b70d,8,0,0.01409,0
f526a4e0,8,0,0.06363,0
ecc34c2e,8,2,0.05312,407.3667656823344
e3e35fdb,8,0,0.00659,290.27576197387515
df31f97d,8,0,0.06947,14.31229426077
e769f6fe,8,1,0.04367,502.94052866913944
5bc8b302,8,0,0.20056,71.73294263153835
79e354b2,8,1,0.0972,30.98964723428425
ff84071f,8,0,0.03846,253.37989948291704
a6484004,8,0,0.00826,122.6993865030675
20760acb,8,4,0.1413,275.4379005446303
52fd31d7,9,6,0.30892,510.72268190920215
3421b03c,9,4,0.06767,56.127305996168175
ff529e8f,9,1,0.00715,136.79890560875515
c304b52e,9,0,0.00463,366.9724770642202
ca72fd20,9,4,0.05582,528.228008120524
6028e7b7,9,2,0.11409,137.19606923994095
fdb23048,9,0,0.02109,217.01388888888889
0f7c71d8,9,0,0.03225,702.0863347174999
34fe95a5,9,6,0.4506,503.73361108810485
11184bca,9,3,0.06999,95.0179960119692
aadc708f,9,1,0.08375,161.70280181339976
45e05b54,9,0,0.25256,16.0953693401668
056f421c,9,2,0.08941,32.174701396639684
525214eb,9,0,0.03913,883.6562622204499
a33682bf,9,1,0.05834,281.79201021886985
be428bac,9,1,0.10139,89.83329916059324
8f3fe004,9,3,0.06564,689.5139082046134
88d245ba,9,0,0.09993,144.55546647270725
72cd92d3,9,3,0.09286,175.46358200750456
a06de818,9,1,0.11005,649.994440309899
d531f652,9,0,0.20564,4.880905896134323
7778c917,9,2,0.09181,21.49151085321298
205e19b2,9,3,0.24178,438.4542110672332
9a312f28,9,0,0.01982,494.7706789010602
0eb837a8,9,1,0.05993,33.41408613493228
0f9ed4e2,9,4,0.36647,132.36824064381676
c2be3453,9,11,4.98743,22.011003527258943
e24cd8b8,9,1,0.0201,322.5806451612903
550e54c5,9,0,0.05985,443.0238938400914
156ec693,9,0,0.03207,407.13297155731294
cf35c6c5,9,0,0.0286,302.99962881405526
14298a4c,9,1,0.04929,637.8953118076215
5e125303,9,1,0.22843,169.34723386141238
21255d80,9,1,0.02046,781.25
55a7fd48,9,0,0.01977,876.8495067981871
a4728441,9,0,0.02101,283.8803045246798
acd4504e,9,1,0.0066,291.4010170383639
8ccec174,9,0,0.02538,300.52592036063106
a4a399e0,9,9,0.55742,299.40237633692516
d4270efc,9,1,0.09204,740.1483849100232
957796e0,9,1,0.03511,596.6418464439896
78ce3bab,9,0,0.00977,274.72527472527474
60760148,9,1,0.02931,361.9245099509778
5eac0b24,9,0,0.10541,373.18308595690905
5cafec9f,9,0,0.00732,271.37042062415196
ad8153f8,9,1,0.06333,200.56271588813337
78eaa11e,9,1,0.07765,135.05515015484664
1f9012d1,9,0,0.05163,98.69695356994559
8d66d502,9,0,0.06624,635.8258094798707
1a1685ad,9,2,0.08423,542.0830001181836
afbc2e22,9,0,0.00857,521.0948718626389
2e23216d,9,0,0.03809,353.5353535353535
eda1ed99,9,1,0.08862,176.81548031299536
f3fb7a0c,9,12,2.76012,58.83708393534565
feb5d49b,9,11,0.36011,435.31222264508665
9bd1560c,9,0,0.00751,812.2948601279837
6a97c123,9,0,0.00649,0
47235d1f,9,1,0.34298,58.8263217045856
14a06ce1,9,0,0.00545,185.87360594795538
89c9d5ba,9,3,0.07709,386.4468989854643
802bcd6f,9,4,0.05122,310.85577103189536
b5f1a762,9,0,0.03766,234.56701987837033
f89b93ae,9,0,0.0722,41.58004158004157
352ce11a,9,1,0.04642,145.02230697524882
e27e8033,9,0,0.15841,77.51025226885687
1778258c,9,0,0.02791,101.91203238586012
954f2cb4,9,3,0.03013,551.9264308820049
cb173123,9,2,0.09222,607.5200218631275
ce5d1ed1,9,0,0.07314,105.24296080241483
118e2f5e,9,5,0.31408,201.03652634344058
bb345b03,9,1,0.05447,471.3325190606663
d7a280be,9,0,0.11053,353.07030050148114
5b08009a,9,1,0.0848,22.3488657950609
638a036c,9,3,0.01551,250
a8cdc2c2,9,0,0.14069,240.20671107845664
6e97cded,9,1,1.48214,14.128328675069104
c3885694,9,6,0.20483,134.00925794968146
f4cdaee1,9,15,0.36338,228.0998418742483
377480be,9,1,0.1649,169.25443565982263
19deb977,9,4,0.05592,259.08007000477846
211eb2ae,9,1,0.03145,466.27892577790715
ab95b70d,9,0,0.01404,0
f526a4e0,9,0,0.06248,0
ecc34c2e,9,1,0.05308,445.01736809197297
e3e35fdb,9,1,0.00667,290.27576197387515
df31f97d,9,0,0.06925,14.31229426077
e769f6fe,9,2,0.04327,525.8395440114797
5bc8b302,9,1,0.20203,71.73294263153835
79e354b2,9,0,0.09506,41.27771307790565
ff84071f,9,1,0.03859,253.37989948291704
a6484004,9,0,0.00837,122.6993865030675
20760acb,9,1,0.14078,303.7464638850407
52fd31d7,10,3,0.3116,530.1451861174114
3421b03c,10,0,0.06704,115.23769464697355
ff529e8f,10,0,0.00677,276.659045468895
c304b52e,10,0,0.00456,366.9724770642202
ca72fd20,10,0,0.05548,599.8869117392986
6028e7b7,10,0,0.11482,154.72608939946414
fdb23048,10,0,0.02102,217.01388888888889
0f7c71d8,10,0,0.03149,702.0863347174999
34fe95a5,10,0,0.45343,517.0491903158012
11184bca,10,0,0.06967,137.88126219285218
aadc708f,10,1,0.08355,173.64310032086243
45e05b54,10,0,0.25322,16.0953693401668
056f421c,10,1,0.08839,54.54356393997936
525214eb,10,0,0.03865,883.6562622204499
a33682bf,10,0,0.05752,298.93290840193464
be428bac,10,1,0.1015,99.69620477258654
8f3fe004,10,0,0.06543,735.2177473270996
88d245ba,10,0,0.10083,144.55546647270725
72cd92d3,10,0,0.09215,207.77028026294286
a06de818,10,1,0.11001,659.0812190468367
d531f652,10,0,0.20559,4.880905896134323
7778c917,10,1,0.09134,43.27563023018716
205e19b2,10,1,0.2416,450.8621852586469
9a312f28,10,0,0.01986,494.7706789010602
0eb837a8,10,1,0.06004,50.10021995772554
0f9ed4e2,10,1,0.36548,143.28318593265348
c2be3453,10,4,5.04547,24.216548266733984
e24cd8b8,10,0,0.01973,372.3318889423848
550e54c5,10,0,0.0594,443.0238938400914
156ec693,10,0,0.03167,407.13297155731294
cf35c6c5,10,0,0.02786,302.99962881405526
14298a4c,10,0,0.04873,658.1834026982687
5e125303,10,0,0.22574,173.72494256867498
21255d80,10,0,0.02004,830.1258553274682
55a7fd48,10,0,0.02001,876.8495067981871
a4728441,10,0,0.02049,283.8803045246798
acd4504e,10,0,0.00653,442.91616855351543
8ccec174,10,0,0.02548,300.52592036063106
a4a399e0,10,3,0.56795,315.54819098297304
d4270efc,10,0,0.09157,751.0132262833392
957796e0,10,0,0.03435,625.1237604286094
78ce3bab,10,0,0.00986,274.72527472527474
60760148,10,0,0.02927,396.04255839860656
5eac0b24,10,1,0.10399,373.18308595690905
5cafec9f,10,1,0.00734,271.37042062415196
ad8153f8,10,0,0.06261,216.3530206410151
78eaa11e,10,0,0.07684,147.93345021923815
1f9012d1,10,0,0.05203,98.69695356994559
8d66d502,10,0,0.06554,635.8258094798707
1a1685ad,10,1,0.0829,565.8275092004583
afbc2e22,10,1,0.00836,521.0948718626389
2e23216d,10,0,0.03761,353.5353535353535
eda1ed99,10,0,0.08708,188.0996148198787
f3fb7a0c,10,5,2.79605,63.18472099460395
feb5d49b,10,3,0.36301,465.8584446328126
9bd1560c,10,0,0.0073,812.2948601279837
6a97c123,10,0,0.0063,0
47235d1f,10,1,0.34319,61.74194360673733
14a06ce1,10,0,0.00558,185.87360594795538
89c9d5ba,10,1,0.07734,425.362452234913
802bcd6f,10,2,0.05079,388.9502653700445
b5f1a762,10,0,0.03745,234.56701987837033
f89b93ae,10,1,0.0728,41.58004158004157
352ce11a,10,0,0.04571,166.5647455792988
e27e8033,10,0,0.15728,77.51025226885687
1778258c,10,0,0.02711,101.91203238586012
954f2cb4,10,0,0.02949,651.4949672245207
cb173123,10,0,0.09195,629.2072914358882
ce5d1ed1,10,0,0.07286,105.24296080241483
118e2f5e,10,1,0.31527,216.95603729606412
bb345b03,10,0,0.05402,489.69124863657964
d7a280be,10,0,0.11034,353.07030050148114
5b08009a,10,0,0.08413,34.14131862524958
638a036c,10,0,0.01554,443.42359767891685
a8cdc2c2,10,2,0.14048,240.20671107845664
6e97cded,10,0,1.52762,14.803028770876518
c3885694,10,1,0.20446,163.3018420438083
f4cdaee1,10,2,0.36536,269.3789436409939
377480be,10,2,0.16653,175.31871704247877
19deb977,10,0,0.055,330.6108282308156
211eb2ae,10,0,0.03147,498.07542816264487
ab95b70d,10,0,0.0136,0
f526a4e0,10,0,0.06145,0
ecc34c2e,10,0,0.05253,463.8568556579112
e3e35fdb,10,0,0.00661,440.20079945513453
df31f97d,10,0,0.06821,14.31229426077
e769f6fe,10,1,0.04228,572.0609445199151
5bc8b302,10,0,0.20101,76.68270256818143
79e354b2,10,0,0.09481,41.27771307790565
ff84071f,10,2,0.03771,279.2933485629896
a6484004,10,0,0.00831,122.6993865030675
20760acb,10,1,0.13881,310.8497456011936
52fd31d7,11,4,0.3128,539.7729139736374
3421b03c,11,0,0.06739,115.23769464697355
ff529e8f,11,1,0.00686,276.659045468895
c304b52e,11,0,0.00477,366.9724770642202
ca72fd20,11,0,0.05514,599.8869117392986
6028e7b7,11,1,0.11347,154.72608939946414
fdb23048,11,0,0.02075,217.01388888888889
0f7c71d8,11,0,0.03115,702.0863347174999
34fe95a5,11,1,0.4597,517.0491903158012
11184bca,11,0,0.06885,137.88126219285218
aadc708f,11,0,0.08387,185.61198123049738
45e05b54,11,0,0.25122,16.0953693401668
056f421c,11,0,0.08854,65.85706094190265
525214eb,11,0,0.03921,883.6562622204499
a33682bf,11,0,0.05683,298.93290840193464
be428bac,11,0,0.10032,109.54842152135501
8f3fe004,11,0,0.06512,735.2177473270996
88d245ba,11,0,0.1038,144.55546647270725
72cd92d3,11,0,0.09132,207.77028026294286
a06de818,11,1,0.10999,668.1713017665894
d531f652,11,0,0.20924,4.880905896134323
7778c917,11,0,0.09218,54.22373620785303
205e19b2,11,1,0.24212,455.00125810632903
9a312f28,11,1,0.01941,494.7706789010602
0eb837a8,11,1,0.06013,66.75578291575353
0f9ed4e2,11,0,0.36604,146.0193137645458
c2be3453,11,3,5.11902,25.009338631159892
e24cd8b8,11,0,0.01997,372.3318889423848
550e54c5,11,0,0.05898,443.0238938400914
156ec693,11,0,0.03186,407.13297155731294
cf35c6c5,11,0,0.02772,302.99962881405526
14298a4c,11,0,0.04934,658.1834026982687
5e125303,11,0,0.22364,173.72494256867498
21255d80,11,0,0.0201,830.1258553274682
55a7fd48,11,0,0.02029,876.8495067981871
a4728441,11,0,0.0202,283.8803045246798
acd4504e,11,0,0.00619,442.91616855351543
8ccec174,11,0,0.02502,300.52592036063106
a4a399e0,11,3,0.57955,320.83034610226167
d4270efc,11,2,0.09113,751.0132262833392
957796e0,11,0,0.03406,625.1237604286094
78ce3bab,11,1,0.00987,274.72527472527474
60760148,11,0,0.02906,396.04255839860656
5eac0b24,11,0,0.10406,382.7993952174148
5cafec9f,11,0,0.00733,407.61020264050075
ad8153f8,11,1,0.06288,216.3530206410151
78eaa11e,11,0,0.07602,147.93345021923815
1f9012d1,11,0,0.05199,98.69695356994559
8d66d502,11,0,0.06476,635.8258094798707
1a1685ad,11,0,0.0832,577.8902353765741
afbc2e22,11,0,0.0082,640.7120967430217
2e23216d,11,0,0.03799,353.5353535353535
eda1ed99,11,0,0.087,188.0996148198787
f3fb7a0c,11,1,2.83097,64.97295797176817
feb5d49b,11,2,0.3628,474.12267977784995
9bd1560c,11,0,0.00738,812.2948601279837
6a97c123,11,0,0.00629,0
47235d1f,11,4,0.34609,64.6557814225245
14a06ce1,11,0,0.00537,185.87360594795538
89c9d5ba,11,0,0.07813,438.29237206941
802bcd6f,11,0,0.05019,428.328095651596
b5f1a762,11,1,0.03729,234.56701987837033
f89b93ae,11,0,0.07178,55.31630531630531
352ce11a,11,0,0.04495,166.5647455792988
e27e8033,11,0,0.15608,77.51025226885687
1778258c,11,0,0.02752,101.91203238586012
954f2cb4,11,3,0.02937,651.4949672245207
cb173123,11,2,0.09148,629.2072914358882
ce5d1ed1,11,0,0.0726,105.24296080241483
118e2f5e,11,3,0.32017,220.127921712596
bb345b03,11,1,0.05409,489.69124863657964
d7a280be,11,0,0.11018,353.07030050148114
5b08009a,11,0,0.08383,34.14131862524958
638a036c,11,0,0.0155,443.42359767891685
a8cdc2c2,11,1,0.14166,254.44361312857052
6e97cded,11,1,1.56147,14.803028770876518
c3885694,11,0,0.20515,168.19277425548785
f4cdaee1,11,4,0.36677,274.8529966298268
377480be,11,1,0.16536,187.32856511790064
19deb977,11,0,0.05498,330.6108282308156
211eb2ae,11,0,0.03129,498.07542816264487
ab95b70d,11,0,0.01324,0
f526a4e0,11,0,0.06157,0
ecc34c2e,11,0,0.0521,463.8568556579112
e3e35fdb,11,0,0.00655,440.20079945513453
df31f97d,11,0,0.06866,14.31229426077
e769f6fe,11,0,0.04228,595.7127893638129
5bc8b302,11,1,0.20124,76.68270256818143
79e354b2,11,0,0.09552,41.27771307790565
ff84071f,11,0,0.03788,332.3296784489615
a6484004,11,0,0.00809,122.6993865030675
20760acb,11,6,0.13689,318.05383752540655
52fd31d7,12,0,0.31324,552.5606377588036
3421b03c,12,0,0.06679,115.23769464697355
ff529e8f,12,0,0.00692,422.4316402210816
c304b52e,12,0,0.00478,366.9724770642202
ca72fd20,12,1,0.05511,599.8869117392986
6028e7b7,12,0,0.11274,163.53899148812195
fdb23048,12,0,0.02105,217.01388888888889
0f7c71d8,12,1,0.03154,702.0863347174999
34fe95a5,12,2,0.4618,519.2245220538913
11184bca,12,1,0.0684,137.88126219285218
aadc708f,12,0,0.08374,185.61198123049738
45e05b54,12,0,0.2524,16.0953693401668
056f421c,12,1,0.08818,65.85706094190265
525214eb,12,0,0.03966,883.6562622204499
a33682bf,12,0,0.05694,298.93290840193464
be428bac,12,3,0.09968,109.54842152135501
8f3fe004,12,0,0.06536,735.2177473270996
88d245ba,12,1,0.1054,144.55546647270725
72cd92d3,12,0,0.09158,207.77028026294286
a06de818,12,0,0.1091,677.2630373789178
d531f652,12,0,0.21032,4.880905896134323
7778c917,12,0,0.09168,54.22373620785303
205e19b2,12,0,0.24318,459.1314414864711
9a312f28,12,0,0.01928,546.2905140375877
0eb837a8,12,0,0.05985,83.38641654289472
0f9ed4e2,12,0,0.36671,146.0193137645458
c2be3453,12,8,5.18586,25.595388304730225
e24cd8b8,12,0,0.02008,372.3318889423848
550e54c5,12,0,0.05871,443.0238938400914
156ec693,12,0,0.03244,407.13297155731294
cf35c6c5,12,0,0.0276,302.99962881405526
14298a4c,12,0,0.04945,658.1834026982687
5e125303,12,0,0.22269,173.72494256867498
21255d80,12,0,0.02075,830.1258553274682
55a7fd48,12,0,0.02036,876.8495067981871
a4728441,12,0,0.0204,283.8803045246798
acd4504e,12,0,0.00613,442.91616855351543
8ccec174,12,0,0.02546,300.52592036063106
a4a399e0,12,1,0.58808,326.0067760910461
d4270efc,12,0,0.09126,772.9598958762285
957796e0,12,1,0.03428,625.1237604286094
78ce3bab,12,0,0.00956,376.0423973189931
60760148,12,0,0.029,396.04255839860656
5eac0b24,12,0,0.10434,382.7993952174148
5cafec9f,12,0,0.00737,407.61020264050075
ad8153f8,12,0,0.06279,232.2563285290558
78eaa11e,12,1,0.07521,147.93345021923815
1f9012d1,12,0,0.05233,98.69695356994559
8d66d502,12,1,0.06477,635.8258094798707
1a1685ad,12,0,0.08354,577.8902353765741
afbc2e22,12,0,0.00825,640.7120967430217
2e23216d,12,0,0.03833,353.5353535353535
eda1ed99,12,1,0.08676,188.0996148198787
f3fb7a0c,12,3,2.86182,65.32619378846704
feb5d49b,12,3,0.36251,479.6353589399227
9bd1560c,12,0,0.00772,812.2948601279837
6a97c123,12,0,0.00628,0
47235d1f,12,0,0.3496,76.21346872929442
14a06ce1,12,0,0.0054,185.87360594795538
89c9d5ba,12,0,0.07848,438.29237206941
802bcd6f,12,0,0.05038,428.328095651596
b5f1a762,12,0,0.0374,261.3838608545034
f89b93ae,12,0,0.07238,55.31630531630531
352ce11a,12,0,0.04514,166.5647455792988
e27e8033,12,0,0.15748,77.51025226885687
1778258c,12,0,0.02781,101.91203238586012
954f2cb4,12,1,0.02981,753.6400131897913
cb173123,12,1,0.09182,651.0699936658838
ce5d1ed1,12,0,0.07259,105.24296080241483
118e2f5e,12,0,0.32305,229.49794388831512
bb345b03,12,0,0.05398,508.1789543123053
d7a280be,12,0,0.11058,353.07030050148114
5b08009a,12,0,0.08372,34.14131862524958
638a036c,12,0,0.01524,443.42359767891685
a8cdc2c2,12,0,0.14221,261.50276885354583
6e97cded,12,3,1.59737,15.443450937168537
c3885694,12,0,0.2087,168.19277425548785
f4cdaee1,12,3,0.37056,285.75901402492457
377480be,12,0,0.16798,193.3759768256897
19deb977,12,0,0.05444,330.6108282308156
211eb2ae,12,0,0.03164,498.07542816264487
ab95b70d,12,0,0.01311,0
f526a4e0,12,0,0.06142,0
ecc34c2e,12,0,0.05234,463.8568556579112
e3e35fdb,12,0,0.00647,440.20079945513453
df31f97d,12,0,0.0697,14.31229426077
e769f6fe,12,1,0.04265,595.7127893638129
5bc8b302,12,0,0.2028,81.65189358388407
79e354b2,12,0,0.09609,41.27771307790565
ff84071f,12,1,0.03809,332.3296784489615
a6484004,12,0,0.00825,122.6993865030675
20760acb,12,0,0.13667,361.8846505869888
52fd31d7,13,0,0.31206,552.5606377588036
3421b03c,13,0,0.0662,115.23769464697355
ff529e8f,13,0,0.00656,422.4316402210816
c304b52e,13,0,0.00475,366.9724770642202
ca72fd20,13,0,0.05408,618.0324388668616
6028e7b7,13,0,0.11295,163.53899148812195
fdb23048,13,0,0.02078,217.01388888888889
0f7c71d8,13,0,0.03098,733.7921051677218
34fe95a5,13,0,0.46843,523.5554012223625
11184bca,13,0,0.0678,152.50114523378787
aadc708f,13,0,0.08254,185.61198123049738
45e05b54,13,1,0.25235,16.0953693401668
056f421c,13,0,0.0875,77.197500950975
525214eb,13,0,0.03986,883.6562622204499
a33682bf,13,0,0.0573,298.93290840193464
be428bac,13,0,0.09988,139.64472970755082
8f3fe004,13,0,0.06454,735.2177473270996
88d245ba,13,0,0.10578,154.04313250686283
72cd92d3,13,0,0.09121,207.77028026294286
a06de818,13,0,0.10906,677.2630373789178
d531f652,13,0,0.20823,4.880905896134323
7778c917,13,0,0.09201,54.22373620785303
205e19b2,13,1,0.24243,459.1314414864711
9a312f28,13,0,0.0196,546.2905140375877
0eb837a8,13,0,0.05995,83.38641654289472
0f9ed4e2,13,1,0.36929,146.0193137645458
c2be3453,13,10,5.24458,27.138044681878856
e24cd8b8,13,0,0.01976,372.3318889423848
550e54c5,13,0,0.05826,443.0238938400914
156ec693,13,0,0.03204,407.13297155731294
cf35c6c5,13,0,0.02714,302.99962881405526
14298a4c,13,0,0.04917,658.1834026982687
5e125303,13,0,0.21906,173.72494256867498
21255d80,13,0,0.02062,830.1258553274682
55a7fd48,13,0,0.02011,876.8495067981871
a4728441,13,0,0.01991,283.8803045246798
acd4504e,13,1,0.00634,442.91616855351543
8ccec174,13,0,0.02535,300.52592036063106
a4a399e0,13,0,0.59549,327.7072250095606
d4270efc,13,0,0.09076,772.9598958762285
957796e0,13,0,0.03441,654.2952890167074
78ce3bab,13,0,0.00952,376.0423973189931
60760148,13,0,0.02861,396.04255839860656
5eac0b24,13,0,0.10442,382.7993952174148
5cafec9f,13,0,0.00743,407.61020264050075
ad8153f8,13,0,0.06295,232.2563285290558
78eaa11e,13,1,0.0755,161.2295544606954
1f9012d1,13,0,0.05216,98.69695356994559
8d66d502,13,0,0.06546,651.2650560446383
1a1685ad,13,0,0.08239,577.8902353765741
afbc2e22,13,0,0.0082,640.7120967430217
2e23216d,13,0,0.03807,353.5353535353535
eda1ed99,13,0,0.08574,199.6256636903259
f3fb7a0c,13,1,2.90043,66.37447774762589
feb5d49b,13,0,0.36035,487.9109927155427
9bd1560c,13,0,0.00779,812.2948601279837
6a97c123,13,0,0.00616,0
47235d1f,13,0,0.35014,76.21346872929442
14a06ce1,13,0,0.00552,185.87360594795538
89c9d5ba,13,0,0.07755,438.29237206941
802bcd6f,13,0,0.04985,428.328095651596
b5f1a762,13,0,0.03731,261.3838608545034
f89b93ae,13,0,0.07237,55.31630531630531
352ce11a,13,0,0.04447,166.5647455792988
e27e8033,13,0,0.15745,77.51025226885687
1778258c,13,0,0.02791,101.91203238586012
954f2cb4,13,0,0.02947,787.185803193146
cb173123,13,0,0.09143,661.9608671139343
ce5d1ed1,13,0,0.07192,105.24296080241483
118e2f5e,13,0,0.32522,229.49794388831512
bb345b03,13,0,0.0534,508.1789543123053
d7a280be,13,0,0.11048,353.07030050148114
5b08009a,13,0,0.08341,34.14131862524958
638a036c,13,0,0.0148,443.42359767891685
a8cdc2c2,13,0,0.14336,261.50276885354583
6e97cded,13,8,1.62595,17.3215380428485
c3885694,13,0,0.20842,168.19277425548785
f4cdaee1,13,1,0.36958,293.85486894720435
377480be,13,1,0.16703,193.3759768256897
19deb977,13,0,0.0536,330.6108282308156
211eb2ae,13,0,0.03101,498.07542816264487
ab95b70d,13,0,0.01319,0
f526a4e0,13,0,0.06175,0
ecc34c2e,13,0,0.05168,463.8568556579112
e3e35fdb,13,0,0.00698,440.20079945513453
df31f97d,13,0,0.06904,14.31229426077
e769f6fe,13,1,0.04228,619.1594482149267
5bc8b302,13,2,0.20274,81.65189358388407
79e354b2,13,0,0.09453,41.27771307790565
ff84071f,13,0,0.03757,358.5832883203188
a6484004,13,0,0.00815,122.6993865030675
20760acb,13,0,0.13787,361.8846505869888
52fd31d7,14,7,0.31369,552.5606377588036
3421b03c,14,1,0.0655,115.23769464697355
ff529e8f,14,0,0.00685,422.4316402210816
c304b52e,14,1,0.00498,366.9724770642202
ca72fd20,14,4,0.0543,618.0324388668616
6028e7b7,14,2,0.11265,163.53899148812195
fdb23048,14,1,0.0206,217.01388888888889
0f7c71d8,14,4,0.03052,733.7921051677218
34fe95a5,14,6,0.47668,523.5554012223625
11184bca,14,0,0.06679,152.50114523378787
aadc708f,14,3,0.08251,185.61198123049738
45e05b54,14,0,0.25124,20.05811948876993
056f421c,14,1,0.08697,77.197500950975
525214eb,14,2,0.0402,883.6562622204499
a33682bf,14,0,0.05731,298.93290840193464
be428bac,14,1,0.10073,139.64472970755082
8f3fe004,14,1,0.06385,735.2177473270996
88d245ba,14,4,0.10568,154.04313250686283
72cd92d3,14,1,0.09089,207.77028026294286
a06de818,14,6,0.10847,677.2630373789178
d531f652,14,1,0.20744,4.880905896134323
7778c917,14,1,0.09133,54.22373620785303
205e19b2,14,4,0.24022,463.2563435200478
9a312f28,14,0,0.01961,546.2905140375877
0eb837a8,14,2,0.05887,83.38641654289472
0f9ed4e2,14,2,0.36592,148.72721270575732
c2be3453,14,15,5.31298,29.044775058763182
e24cd8b8,14,0,0.01981,372.3318889423848
550e54c5,14,0,0.05715,443.0238938400914
156ec693,14,0,0.03182,407.13297155731294
cf35c6c5,14,0,0.02719,302.99962881405526
14298a4c,14,1,0.04884,658.1834026982687
5e125303,14,0,0.21653,173.72494256867498
21255d80,14,0,0.01983,830.1258553274682
55a7fd48,14,1,0.01995,876.8495067981871
a4728441,14,1,0.0208,283.8803045246798
acd4504e,14,0,0.00625,600.6448751781211
8ccec174,14,2,0.02464,300.52592036063106
a4a399e0,14,7,0.60187,327.7072250095606
d4270efc,14,1,0.0904,772.9598958762285
957796e0,14,0,0.03418,654.2952890167074
78ce3bab,14,0,0.00919,376.0423973189931
60760148,14,0,0.02878,396.04255839860656
5eac0b24,14,9,0.10376,382.7993952174148
5cafec9f,14,0,0.00718,407.61020264050075
ad8153f8,14,0,0.06298,232.2563285290558
78eaa11e,14,2,0.07533,174.47458757327817
1f9012d1,14,0,0.05185,98.69695356994559
8d66d502,14,0,0.06508,651.2650560446383
1a1685ad,14,1,0.08222,577.8902353765741
afbc2e22,14,0,0.00798,640.7120967430217
2e23216d,14,0,0.03803,353.5353535353535
eda1ed99,14,7,0.08573,199.6256636903259
f3fb7a0c,14,15,2.93667,66.71925421180534
feb5d49b,14,21,0.35983,487.9109927155427
9bd1560c,14,0,0.00785,812.2948601279837
6a97c123,14,0,0.00605,0
47235d1f,14,5,0.35103,76.21346872929442
14a06ce1,14,0,0.0051,185.87360594795538
89c9d5ba,14,1,0.0784,438.29237206941
802bcd6f,14,5,0.04935,428.328095651596
b5f1a762,14,0,0.03673,261.3838608545034
f89b93ae,14,0,0.0715,55.31630531630531
352ce11a,14,0,0.0443,166.5647455792988
e27e8033,14,0,0.15697,77.51025226885687
1778258c,14,0,0.02791,101.91203238586012
954f2cb4,14,0,0.02932,787.185803193146
cb173123,14,1,0.09213,661.9608671139343
ce5d1ed1,14,2,0.07187,105.24296080241483
118e2f5e,14,0,0.32693,229.49794388831512
bb345b03,14,3,0.05269,508.1789543123053
d7a280be,14,0,0.11044,353.07030050148114
5b08009a,14,0,0.08283,34.14131862524958
638a036c,14,0,0.01426,443.42359767891685
a8cdc2c2,14,0,0.14435,261.50276885354583
6e97cded,14,3,1.6572,22.241738541018798
c3885694,14,5,0.20799,168.19277425548785
f4cdaee1,14,15,0.36911,296.5606430691806
377480be,14,2,0.16897,199.36292527806353
19deb977,14,0,0.05329,330.6108282308156
211eb2ae,14,0,0.03078,498.07542816264487
ab95b70d,14,0,0.01323,0
f526a4e0,14,1,0.0609,0
ecc34c2e,14,0,0.05144,463.8568556579112
e3e35fdb,14,0,0.00701,440.20079945513453
df31f97d,14,0,0.06926,14.31229426077
e769f6fe,14,3,0.04216,642.8112930588245
5bc8b302,14,3,0.20305,91.51674511786848
79e354b2,14,1,0.09506,41.27771307790565
ff84071f,14,1,0.03734,358.5832883203188
a6484004,14,0,0.00797,122.6993865030675
20760acb,14,4,0.13841,361.8846505869888
52fd31d7,15,2,0.31547,574.8756621459373
3421b03c,15,1,0.06471,130.50487021949263
ff529e8f,15,0,0.00679,422.4316402210816
c304b52e,15,1,0.0047,567.7756899156258
ca72fd20,15,2,0.05399,691.6972639129021
6028e7b7,15,6,0.11297,181.29309712505048
fdb23048,15,1,0.02016,265.5575782092772
0f7c71d8,15,2,0.02959,864.8537041192291
34fe95a5,15,13,0.4805,536.1424617241667
11184bca,15,1,0.06568,152.50114523378787
aadc708f,15,2,0.0823,221.97121041483868
45e05b54,15,0,0.25293,20.05811948876993
056f421c,15,6,0.08624,88.69571872721968
525214eb,15,0,0.03978,933.4075060015444
a33682bf,15,4,0.05754,298.93290840193464
be428bac,15,1,0.10066,149.57225874557327
8f3fe004,15,2,0.06359,750.8794544531763
88d245ba,15,1,0.10461,191.8932460572035
72cd92d3,15,2,0.09013,218.77259074814475
a06de818,15,2,0.10832,732.5778709734601
d531f652,15,2,0.20802,9.701576933542729
7778c917,15,0,0.09065,65.17304092700337
205e19b2,15,11,0.24073,479.9077464007405
9a312f28,15,1,0.01923,546.2905140375877
0eb837a8,15,0,0.05807,117.35957774554463
0f9ed4e2,15,4,0.36508,154.1928882632562
c2be3453,15,17,5.37527,31.868049379389273
e24cd8b8,15,0,0.01958,372.3318889423848
550e54c5,15,0,0.05636,443.0238938400914
156ec693,15,0,0.03065,407.13297155731294
cf35c6c5,15,1,0.02716,302.99962881405526
14298a4c,15,3,0.04832,678.6584231732892
5e125303,15,5,0.21726,173.72494256867498
21255d80,15,2,0.01923,830.1258553274682
55a7fd48,15,0,0.02023,926.9748200813951
a4728441,15,1,0.02017,331.9572276016028
acd4504e,15,0,0.00633,600.6448751781211
8ccec174,15,0,0.02483,381.6947515294622
a4a399e0,15,6,0.60613,339.3376435384788
d4270efc,15,3,0.09123,784.0218427788833
957796e0,15,0,0.03502,654.2952890167074
78ce3bab,15,0,0.00945,376.0423973189931
60760148,15,1,0.02855,396.04255839860656
5eac0b24,15,5,0.10384,469.53802281957365
5cafec9f,15,1,0.00731,407.61020264050075
ad8153f8,15,2,0.06337,232.2563285290558
78eaa11e,15,1,0.07511,201.024434911656
1f9012d1,15,0,0.05163,98.69695356994559
8d66d502,15,2,0.06486,651.2650560446383
1a1685ad,15,4,0.08159,590.0527262547059
afbc2e22,15,0,0.00791,640.7120967430217
2e23216d,15,0,0.03695,353.5353535353535
eda1ed99,15,3,0.08556,281.27736087917464
f3fb7a0c,15,14,2.97528,71.82708042312632
feb5d49b,15,13,0.3595,546.2718853592911
9bd1560c,15,0,0.00777,812.2948601279837
6a97c123,15,1,0.00587,0
47235d1f,15,3,0.35178,90.45726555577649
14a06ce1,15,0,0.00529,185.87360594795538
89c9d5ba,15,0,0.07826,451.04747411022635
802bcd6f,15,2,0.04926,529.6452182453144
b5f1a762,15,0,0.03559,261.3838608545034
f89b93ae,15,1,0.07149,55.31630531630531
352ce11a,15,0,0.04384,166.5647455792988
e27e8033,15,0,0.157,77.51025226885687
1778258c,15,0,0.0275,101.91203238586012
954f2cb4,15,2,0.02893,787.185803193146
cb173123,15,6,0.09182,672.815094835632
ce5d1ed1,15,1,0.0718,133.07098362139354
118e2f5e,15,2,0.3263,229.49794388831512
bb345b03,15,2,0.05247,565.1157544641367
d7a280be,15,2,0.11056,353.07030050148114
5b08009a,15,0,0.08132,34.14131862524958
638a036c,15,0,0.01441,443.42359767891685
a8cdc2c2,15,6,0.14332,261.50276885354583
6e97cded,15,2,1.69095,24.05202094507383
c3885694,15,1,0.2088,192.2323915447806
f4cdaee1,15,19,0.36855,337.1989351772243
377480be,15,3,0.16994,211.199345944454
19deb977,15,5,0.05209,330.6108282308156
211eb2ae,15,0,0.03061,498.07542816264487
ab95b70d,15,1,0.0133,0
f526a4e0,15,1,0.06088,16.420361247947454
ecc34c2e,15,1,0.05179,463.8568556579112
e3e35fdb,15,0,0.00705,440.20079945513453
df31f97d,15,1,0.06875,14.31229426077
e769f6fe,15,3,0.04182,713.9687883149915
5bc8b302,15,4,0.20213,106.29143115579018
79e354b2,15,0,0.09445,51.79738486414592
ff84071f,15,3,0.03643,385.36422029675157
a6484004,15,0,0.00778,122.6993865030675
20760acb,15,3,0.13858,390.78429656632557
52fd31d7,16,4,0.31387,581.2154091900303
3421b03c,16,0,0.06422,145.95843226554425
ff529e8f,16,1,0.00669,422.4316402210816
c304b52e,16,0,0.0049,780.5416473624343
ca72fd20,16,1,0.05361,728.7411609308684
6028e7b7,16,2,0.113,234.4045426415593
fdb23048,16,0,0.02021,315.16075281245185
0f7c71d8,16,3,0.02974,932.4441062821219
34fe95a5,16,11,0.48261,563.197612608662
11184bca,16,1,0.06544,167.72648019115692
aadc708f,16,0,0.08178,246.27254698835023
45e05b54,16,0,0.25393,20.05811948876993
056f421c,16,1,0.08542,158.26900258621782
525214eb,16,0,0.03993,933.4075060015444
a33682bf,16,0,0.0574,368.44976623996035
be428bac,16,1,0.10115,159.5066914894636
8f3fe004,16,2,0.06314,782.3309405358938
88d245ba,16,0,0.10666,201.4525616102099
72cd92d3,16,1,0.09032,240.96276050294338
a06de818,16,0,0.10777,751.0416819040362
d531f652,16,1,0.20611,19.316037081605415
7778c917,16,0,0.09026,65.17304092700337
205e19b2,16,5,0.24048,525.6020927638859
9a312f28,16,0,0.01928,598.292594120791
0eb837a8,16,0,0.05755,117.35957774554463
0f9ed4e2,16,3,0.36591,165.1493909475994
c2be3453,16,5,5.4357,35.030681209976386
e24cd8b8,16,2,0.01867,372.3318889423848
550e54c5,16,2,0.05604,443.0238938400914
156ec693,16,0,0.03049,407.13297155731294
cf35c6c5,16,0,0.02722,339.8184800658962
14298a4c,16,1,0.04855,740.7445158885209
5e125303,16,0,0.21533,196.73884296451408
21255d80,16,0,0.01909,934.1300154938749
55a7fd48,16,0,0.02,926.9748200813951
a4728441,16,1,0.02004,381.53580965415614
acd4504e,16,1,0.00626,600.6448751781211
8ccec174,16,2,0.02483,381.6947515294622
a4a399e0,16,12,0.61202,349.2365101182554
d4270efc,16,4,0.09103,816.9057625421191
957796e0,16,2,0.03482,654.2952890167074
78ce3bab,16,0,0.0091,376.0423973189931
60760148,16,0,0.02882,431.06882810088325
5eac0b24,16,1,0.10367,517.6890243604057
5cafec9f,16,0,0.00722,544.409108249256
ad8153f8,16,0,0.06352,263.81700392750935
78eaa11e,16,0,0.073,214.33824132891067
1f9012d1,16,0,0.0522,98.69695356994559
8d66d502,16,1,0.0659,682.1007020514222
1a1685ad,16,1,0.08174,639.0783421390055
afbc2e22,16,0,0.00796,640.7120967430217
2e23216d,16,0,0.03725,353.5353535353535
eda1ed99,16,0,0.08476,316.3404744836627
f3fb7a0c,16,7,3.02852,76.5325199111745
feb5d49b,16,12,0.35641,582.4332205470519
9bd1560c,16,0,0.00767,812.2948601279837
6a97c123,16,0,0.00596,170.35775127768312
47235d1f,16,3,0.35079,98.9853228643216
14a06ce1,16,0,0.00511,185.87360594795538
89c9d5ba,16,3,0.07785,451.04747411022635
802bcd6f,16,1,0.04924,570.2461114649651
b5f1a762,16,1,0.03528,261.3838608545034
f89b93ae,16,2,0.07126,69.30427566180818
352ce11a,16,2,0.04347,166.5647455792988
e27e8033,16,1,0.15793,77.51025226885687
1778258c,16,1,0.02726,101.91203238586012
954f2cb4,16,0,0.02879,856.3181917171694
cb173123,16,1,0.09167,738.1603355239351
ce5d1ed1,16,2,0.07206,146.99856022306486
118e2f5e,16,6,0.32759,235.62727272680732
bb345b03,16,0,0.05268,603.2327737132315
d7a280be,16,2,0.10898,371.1600255376606
5b08009a,16,1,0.08108,34.14131862524958
638a036c,16,0,0.01449,443.42359767891685
a8cdc2c2,16,2,0.1431,303.36712832884587
6e97cded,16,2,1.71889,25.234788028665896
c3885694,16,1,0.20869,197.02166357543194
f4cdaee1,16,10,0.36468,388.75232006394253
377480be,16,3,0.17006,228.8526353407115
19deb977,16,0,0.05253,426.5985418034783
211eb2ae,16,1,0.03034,498.07542816264487
ab95b70d,16,0,0.01321,75.18796992481204
f526a4e0,16,0,0.06096,32.846116832704354
ecc34c2e,16,2,0.05213,483.1656025202398
e3e35fdb,16,0,0.00701,440.20079945513453
df31f97d,16,0,0.06963,28.857748806224546
e769f6fe,16,0,0.04207,785.7047997927533
5bc8b302,16,0,0.20289,126.08067570137965
79e354b2,16,0,0.09424,51.79738486414592
ff84071f,16,0,0.03645,467.7139320727604
a6484004,16,1,0.00786,122.6993865030675
20760acb,16,3,0.13924,412.43244204186317
52fd31d7,17,1,0.31549,593.959538925271
3421b03c,17,0,0.06419,145.95843226554425
ff529e8f,17,0,0.00715,571.9084713122625
c304b52e,17,0,0.00477,780.5416473624343
ca72fd20,17,3,0.05317,747.3943972673728
6028e7b7,17,3,0.11327,252.10365768580706
fdb23048,17,1,0.02002,315.16075281245185
0f7c71d8,17,1,0.02982,1033.318349725296
34fe95a5,17,2,0.48743,585.9903437994785
11184bca,17,0,0.06535,183.00765378528897
aadc708f,17,2,0.08057,246.27254698835023
45e05b54,17,1,0.25398,20.05811948876993
056f421c,17,0,0.08514,169.97586280630682
525214eb,17,0,0.03987,933.4075060015444
a33682bf,17,0,0.05817,368.44976623996035
be428bac,17,0,0.10138,169.39299895362572
8f3fe004,17,0,0.06291,814.0065819676328
88d245ba,17,1,0.10707,201.4525616102099
72cd92d3,17,1,0.09109,252.03450540994072
a06de818,17,2,0.10835,751.0416819040362
d531f652,17,0,0.20644,24.167815258307176
7778c917,17,0,0.08965,65.17304092700337
205e19b2,17,1,0.23971,546.393842597552
9a312f28,17,0,0.01911,598.292594120791
0eb837a8,17,0,0.05765,117.35957774554463
0f9ed4e2,17,1,0.36505,173.34812834204064
c2be3453,17,3,5.49919,35.950525940185926
e24cd8b8,17,0,0.01774,479.45561684811594
550e54c5,17,0,0.05554,478.7126875588637
156ec693,17,0,0.02979,407.13297155731294
cf35c6c5,17,0,0.02631,339.8184800658962
14298a4c,17,0,0.04832,761.3418382366157
5e125303,17,1,0.2169,196.73884296451408
21255d80,17,1,0.01916,934.1300154938749
55a7fd48,17,1,0.02015,926.9748200813951
a4728441,17,0,0.02025,431.43600925495457
acd4504e,17,0,0.00646,760.389284123808
8ccec174,17,0,0.02434,462.24247605624436
a4a399e0,17,0,0.613,368.84371249726263
d4270efc,17,1,0.09142,860.8473202703406
957796e0,17,1,0.03454,711.7335428937896
78ce3bab,17,0,0.00914,376.0423973189931
60760148,17,0,0.02886,431.06882810088325
5eac0b24,17,1,0.10279,527.3350164506923
5cafec9f,17,0,0.00714,544.409108249256
ad8153f8,17,0,0.06382,263.81700392750935
78eaa11e,17,0,0.07212,214.33824132891067
1f9012d1,17,0,0.05224,98.69695356994559
8d66d502,17,0,0.06559,697.2752088799502
1a1685ad,17,1,0.08136,651.3122545441927
afbc2e22,17,0,0.00798,640.7120967430217
2e23216d,17,0,0.03715,353.5353535353535
eda1ed99,17,0,0.08473,316.3404744836627
f3fb7a0c,17,10,3.065,78.84387991540099
feb5d49b,17,0,0.35499000000000003,616.1023095176195
9bd1560c,17,0,0.00791,812.2948601279837
6a97c123,17,0,0.00606,170.35775127768312
47235d1f,17,2,0.34975,107.53744806743457
14a06ce1,17,0,0.0049,185.87360594795538
89c9d5ba,17,1,0.07802,489.583119582288
802bcd6f,17,1,0.04935,590.5548035851926
b5f1a762,17,0,0.03575,289.7285320563174
f89b93ae,17,0,0.06999,97.37051197951797
352ce11a,17,2,0.04316,212.57348724021438
e27e8033,17,1,0.15872,83.84217147356782
1778258c,17,0,0.0269,138.59581815255123
954f2cb4,17,1,0.02938,856.3181917171694
cb173123,17,0,0.09222,749.0690297532359
ce5d1ed1,17,0,0.07195,174.75320912675622
118e2f5e,17,2,0.32864,253.9428501253848
bb345b03,17,0,0.05174,603.2327737132315
d7a280be,17,0,0.10884,389.51201672870485
5b08009a,17,0,0.0802,46.474816405219975
638a036c,17,0,0.01417,443.42359767891685
a8cdc2c2,17,1,0.14249,317.3433687201806
6e97cded,17,2,1.7519,26.3983296165511
c3885694,17,0,0.20963,201.81346001991898
f4cdaee1,17,4,0.36305,416.1736209304556
377480be,17,0,0.16981,246.49346798801244
19deb977,17,2,0.05215,426.5985418034783
211eb2ae,17,1,0.03036,531.0352172199949
ab95b70d,17,1,0.01276,75.18796992481204
f526a4e0,17,0,0.05943,32.846116832704354
ecc34c2e,17,2,0.0513,521.5312269207769
e3e35fdb,17,0,0.00693,440.20079945513453
df31f97d,17,0,0.07073,28.857748806224546
e769f6fe,17,0,0.04152,785.7047997927533
5bc8b302,17,0,0.20277,126.08067570137965
79e354b2,17,2,0.09403,51.79738486414592
ff84071f,17,1,0.03591,467.7139320727604
a6484004,17,0,0.00778,249.9258496073932
20760acb,17,2,0.1381,433.97797493471006
52fd31d7,18,0,0.31657,597.1292114980943
3421b03c,18,2,0.06356,145.95843226554425
ff529e8f,18,1,0.00724,571.9084713122625
c304b52e,18,0,0.00469,780.5416473624343
ca72fd20,18,1,0.05358,803.8171920764757
6028e7b7,18,1,0.11192,278.5890465796007
fdb23048,18,0,0.0198,365.1108027625018
0f7c71d8,18,0,0.02984,1066.8528903020901
34fe95a5,18,0,0.49382,590.0934970727691
11184bca,18,0,0.06547,183.00765378528897
aadc708f,18,1,0.08005,271.0956821503212
45e05b54,18,0,0.25594,23.9954373878171
056f421c,18,3,0.08595,169.97586280630682
525214eb,18,1,0.03954,933.4075060015444
a33682bf,18,0,0.05829,368.44976623996035
be428bac,18,0,0.10066,169.39299895362572
8f3fe004,18,1,0.06149,814.0065819676328
88d245ba,18,1,0.10659,210.79224592887994
72cd92d3,18,4,0.09001,263.0126588845263
a06de818,18,2,0.10837,769.5003805657806
d531f652,18,1,0.20401,24.167815258307176
7778c917,18,1,0.08912,65.17304092700337
205e19b2,18,1,0.23823,550.5655500774235
9a312f28,18,0,0.01868,598.292594120791
0eb837a8,18,0,0.05744,117.35957774554463
0f9ed4e2,18,1,0.36567,176.08747911590723
c2be3453,18,7,5.55894,36.496060828051235
e24cd8b8,18,0,0.01815,479.45561684811594
550e54c5,18,0,0.0564,478.7126875588637
156ec693,18,0,0.03012,407.13297155731294
cf35c6c5,18,1,0.0265,339.8184800658962
14298a4c,18,2,0.04771,761.3418382366157
5e125303,18,1,0.21609,201.34926251269295
21255d80,18,0,0.01911,986.3220822997204
55a7fd48,18,0,0.02001,976.6026116446706
a4728441,18,0,0.02023,431.43600925495457
acd4504e,18,0,0.00664,760.389284123808
8ccec174,18,0,0.02405,462.24247605624436
a4a399e0,18,4,0.6153,368.84371249726263
d4270efc,18,2,0.0917,871.785845757105
957796e0,18,0,0.03462,740.6854826737548
78ce3bab,18,0,0.00891,376.0423973189931
60760148,18,0,0.02844,431.06882810088325
5eac0b24,18,0,0.10235,537.0635892690598
5cafec9f,18,0,0.00691,544.409108249256
ad8153f8,18,1,0.06419,263.81700392750935
78eaa11e,18,0,0.07178,214.33824132891067
1f9012d1,18,0,0.05208,98.69695356994559
8d66d502,18,1,0.06569,697.2752088799502
1a1685ad,18,2,0.08106,663.6033066582537
afbc2e22,18,0,0.00795,640.7120967430217
2e23216d,18,0,0.03684,353.5353535353535
eda1ed99,18,6,0.08501,316.3404744836627
f3fb7a0c,18,9,3.10548,82.1065226560209
feb5d49b,18,6,0.35474,616.1023095176195
9bd1560c,18,0,0.00797,812.2948601279837
6a97c123,18,0,0.00616,170.35775127768312
47235d1f,18,2,0.34935,113.2558183319092
14a06ce1,18,0,0.00505,185.87360594795538
89c9d5ba,18,1,0.07849,502.4003459345054
802bcd6f,18,0,0.04892,610.8182281039362
b5f1a762,18,0,0.03577,289.7285320563174
f89b93ae,18,0,0.06981,97.37051197951797
352ce11a,18,1,0.04268,258.91269020592335
e27e8033,18,0,0.15984,90.14257469937428
1778258c,18,0,0.02711,138.59581815255123
954f2cb4,18,0,0.02906,890.3549514176459
cb173123,18,1,0.09184,749.0690297532359
ce5d1ed1,18,1,0.07156,174.75320912675622
118e2f5e,18,1,0.32946,260.02853659081813
bb345b03,18,1,0.05202,603.2327737132315
d7a280be,18,2,0.10783,389.51201672870485
5b08009a,18,0,0.07998,46.474816405219975
638a036c,18,0,0.01412,443.42359767891685
a8cdc2c2,18,0,0.14295,324.36140507360886
6e97cded,18,5,1.78328,27.539947288792668
c3885694,18,1,0.20995,201.81346001991898
f4cdaee1,18,7,0.36553,427.19138707836913
377480be,18,0,0.17085,246.49346798801244
19deb977,18,0,0.05239,464.94945263761065
211eb2ae,18,0,0.03025,563.9732936363322
ab95b70d,18,0,0.01262,153.55787588092488
f526a4e0,18,0,0.05987,32.846116832704354
ecc34c2e,18,0,0.05099,560.5175816966054
e3e35fdb,18,0,0.00722,440.20079945513453
df31f97d,18,2,0.0714,28.857748806224546
e769f6fe,18,1,0.04181,785.7047997927533
5bc8b302,18,2,0.20568,126.08067570137965
79e354b2,18,0,0.09453,73.06719237238796
ff84071f,18,0,0.03582,495.5613283412093
a6484004,18,0,0.00803,249.9258496073932
20760acb,18,3,0.13761,448.4602341671503
52fd31d7,19,1,0.31678,597.1292114980943
3421b03c,19,0,0.06362,177.42476329134664
ff529e8f,19,0,0.00742,710.0300182735884
c304b52e,19,0,0.00482,780.5416473624343
ca72fd20,19,0,0.05352,822.48087255426594
6028e7b7,19,1,0.10886,287.52400011784226
fdb23048,19,0,0.01977,365.1108027625018
0f7c71d8,19,0,0.03014,1066.8528903020901
34fe95a5,19,2,0.49732,590.0934970727691
11184bca,19,0,0.06535,183.00765378528897
aadc708f,19,0,0.08053,283.5878745300838
45e05b54,19,0,0.25889,23.9954373878171
056f421c,19,0,0.0853,204.8798767679124
525214eb,19,0,0.03971,958.6983507157579
a33682bf,19,0,0.05818,368.44976623996035
be428bac,19,2,0.09676,169.39299895362572
8f3fe004,19,0,0.06205,830.2693889281142
88d245ba,19,0,0.10585,220.1739890567531
72cd92d3,19,3,0.09042,307.4521656060017
a06de818,19,1,0.10897,787.9556726207774
d531f652,19,0,0.20186,29.069535762204044
7778c917,19,0,0.0889,76.39386677978612
205e19b2,19,1,0.23709,554.7631742221575
9a312f28,19,2,0.01883,598.292594120791
0eb837a8,19,1,0.05754,117.35957774554463
0f9ed4e2,19,1,0.36707,178.82218527173077
c2be3453,19,6,5.6162,37.75529370338358
e24cd8b8,19,0,0.01801,479.45561684811594
550e54c5,19,1,0.05582,478.7126875588637
156ec693,19,0,0.0299,407.13297155731294
cf35c6c5,19,0,0.02631,377.55432912249995
14298a4c,19,0,0.0478,803.261771164723
5e125303,19,1,0.21601,205.9769639333973
21255d80,19,0,0.01906,986.3220822997204
55a7fd48,19,0,0.02016,976.6026116446706
a4728441,19,0,0.02028,431.43600925495457
acd4504e,19,0,0.00649,760.389284123808
8ccec174,19,0,0.02374,462.24247605624436
a4a399e0,19,5,0.61519,375.34460637017014
d4270efc,19,0,0.09207,893.5960965749894
957796e0,19,0,0.03443,740.6854826737548
78ce3bab,19,0,0.00893,376.0423973189931
60760148,19,0,0.02834,431.06882810088325
5eac0b24,19,3,0.10202,537.0635892690598
5cafec9f,19,0,0.00674,544.409108249256
ad8153f8,19,1,0.06437,279.3957545117125
78eaa11e,19,0,0.07178,214.33824132891067
1f9012d1,19,0,0.05185,98.69695356994559
8d66d502,19,1,0.0653,712.4982260819597
1a1685ad,19,1,0.08072,688.276388326154
afbc2e22,19,0,0.00793,640.7120967430217
2e23216d,19,0,0.03619,353.5353535353535
eda1ed99,19,0,0.08472,386.9204062563953
f3fb7a0c,19,5,3.14358,85.00462536478089
feb5d49b,19,1,0.3528,633.0161055372395
9bd1560c,19,0,0.00768,812.2948601279837
6a97c123,19,0,0.00609,170.35775127768312
47235d1f,19,1,0.35144,118.9807360362172
14a06ce1,19,0,0.00499,185.87360594795538
89c9d5ba,19,0,0.07882,515.1408224283263
802bcd6f,19,4,0.04836,610.8182281039362
b5f1a762,19,0,0.03607,289.7285320563174
f89b93ae,19,0,0.06949,97.37051197951797
352ce11a,19,0,0.04275,282.3428682752767
e27e8033,19,0,0.16027,90.14257469937428
1778258c,19,0,0.02641,138.59581815255123
954f2cb4,19,1,0.02903,890.3549514176459
cb173123,19,0,0.0906,759.9575314953962
ce5d1ed1,19,0,0.07138,188.72749643810334
118e2f5e,19,2,0.33175,263.0638064263065
bb345b03,19,0,0.05328,622.4561493379912
d7a280be,19,2,0.10728,408.05973072295507
5b08009a,19,0,0.07969,46.474816405219975
638a036c,19,0,0.01436,443.42359767891685
a8cdc2c2,19,1,0.14441,324.36140507360886
6e97cded,19,5,1.81439,30.34376945917533
c3885694,19,0,0.21057,206.57649883868535
f4cdaee1,19,8,0.36363,446.34166202160225
377480be,19,1,0.17161,246.49346798801244
19deb977,19,0,0.05289,464.94945263761065
211eb2ae,19,1,0.03086,563.9732936363322
ab95b70d,19,0,0.01203,153.55787588092488
f526a4e0,19,1,0.05988,32.846116832704354
ecc34c2e,19,0,0.05045,560.5175816966054
e3e35fdb,19,0,0.00725,440.20079945513453
df31f97d,19,0,0.07223,56.86895328801726
e769f6fe,19,1,0.04209,809.6225228255206
5bc8b302,19,0,0.20721,135.804518564079
79e354b2,19,0,0.09318,73.06719237238796
ff84071f,19,0,0.03524,495.5613283412093
a6484004,19,0,0.00818,249.9258496073932
20760acb,19,0,0.13806,470.260975392352
52fd31d7,20,0,0.31678,600.2859764453763
3421b03c,20,0,0.06362,177.42476329134664
ff529e8f,20,0,0.00742,710.0300182735884
c304b52e,20,0,0.00482,780.5416473624343
ca72fd20,20,1,0.05352,822.48087255426594
6028e7b7,20,1,0.10886,296.7101107186139
fdb23048,20,0,0.01977,365.1108027625018
0f7c71d8,20,0,0.03014,1066.8528903020901
34fe95a5,20,5,0.49732,594.115052610451
11184bca,20,1,0.06535,183.00765378528897
aadc708f,20,4,0.08053,283.5878745300838
45e05b54,20,9,0.25889,23.9954373878171
056f421c,20,0,0.0853,204.8798767679124
525214eb,20,1,0.03971,958.6983507157579
a33682bf,20,0,0.05818,368.44976623996035
be428bac,20,0,0.09676,190.0626971760317
8f3fe004,20,1,0.06205,830.2693889281142
88d245ba,20,3,0.10585,220.1739890567531
72cd92d3,20,3,0.09042,340.63066593778666
a06de818,20,1,0.10897,797.1325102825191
d531f652,20,0,0.20186,29.069535762204044
7778c917,20,0,0.0889,76.39386677978612
205e19b2,20,6,0.23709,558.9809818057755
9a312f28,20,2,0.01883,704.5060832339084
0eb837a8,20,1,0.05754,134.73879220505106
0f9ed4e2,20,9,0.36707,181.5464612953775
c2be3453,20,71,5.6162,38.82363172553379
e24cd8b8,20,0,0.01801,479.45561684811594
550e54c5,20,4,0.05582,496.62741346355733
156ec693,20,2,0.0299,407.13297155731294
cf35c6c5,20,0,0.02631,377.55432912249995
14298a4c,20,0,0.0478,803.261771164723
5e125303,20,2,0.21601,210.6063792382443
21255d80,20,1,0.01906,986.3220822997204
55a7fd48,20,0,0.02016,976.6026116446706
a4728441,20,0,0.02028,431.43600925495457
acd4504e,20,0,0.00649,760.389284123808
8ccec174,20,0,0.02374,462.24247605624436
a4a399e0,20,5,0.61519,383.4721767142915
d4270efc,20,2,0.09207,893.5960965749894
957796e0,20,1,0.03443,740.6854826737548
78ce3bab,20,0,0.00893,376.0423973189931
60760148,20,0,0.02834,431.06882810088325
5eac0b24,20,3,0.10202,566.4695880928198
5cafec9f,20,0,0.00674,544.409108249256
ad8153f8,20,1,0.06437,294.93094171071823
78eaa11e,20,0,0.07178,214.33824132891067
1f9012d1,20,0,0.05185,98.69695356994559
8d66d502,20,2,0.0653,727.8121617634298
1a1685ad,20,0,0.08072,700.664891794935
afbc2e22,20,0,0.00793,640.7120967430217
2e23216d,20,0,0.03619,353.5353535353535
eda1ed99,20,2,0.08472,386.9204062563953
f3fb7a0c,20,18,3.14358,86.59516863073881
feb5d49b,20,3,0.3528,635.8505726574209
9bd1560c,20,0,0.00768,812.2948601279837
6a97c123,20,0,0.00609,170.35775127768312
47235d1f,20,8,0.35144,121.82617195700026
14a06ce1,20,0,0.00499,185.87360594795538
89c9d5ba,20,1,0.07882,515.1408224283263
802bcd6f,20,2,0.04836,693.5312140427287
b5f1a762,20,1,0.03607,289.7285320563174
f89b93ae,20,3,0.06949,97.37051197951797
352ce11a,20,2,0.04275,282.3428682752767
e27e8033,20,3,0.16027,90.14257469937428
1778258c,20,0,0.02641,138.59581815255123
954f2cb4,20,0,0.02903,924.8020750828199
cb173123,20,0,0.0906,759.9575314953962
ce5d1ed1,20,0,0.07138,188.72749643810334
118e2f5e,20,4,0.33175,269.0924424474067
bb345b03,20,2,0.05328,622.4561493379912
d7a280be,20,1,0.10728,426.7025346006582
5b08009a,20,2,0.07969,46.474816405219975
638a036c,20,0,0.01436,443.42359767891685
a8cdc2c2,20,1,0.14441,331.28613327802685
6e97cded,20,33,1.81439,33.09951656977449
c3885694,20,4,0.21057,206.57649883868535
f4cdaee1,20,2,0.36363,468.3420470283399
377480be,20,0,0.17161,252.32063423706555
19deb977,20,0,0.05289,464.94945263761065
211eb2ae,20,0,0.03086,596.377700635684
ab95b70d,20,0,0.01203,153.55787588092488
f526a4e0,20,0,0.05988,49.546183632971555
ecc34c2e,20,1,0.05045,560.5175816966054
e3e35fdb,20,0,0.00725,440.20079945513453
df31f97d,20,0,0.07223,56.86895328801726
e769f6fe,20,0,0.04209,833.3811353225508
5bc8b302,20,6,0.20721,135.804518564079
79e354b2,20,1,0.09318,73.06719237238796
ff84071f,20,1,0.03524,495.5613283412093
a6484004,20,0,0.00818,249.9258496073932
20760acb,20,2,0.13806,470.260975392352
